<?xml version="1.0" encoding="utf-8"?>

<component name="GridList" extends="Group">
    <script type="text/brightscript" uri="GridList.brs" />

    <interface>
       <field id="width" type="float" onChange="widthChanged"/>
       <field id="height" type="float" onChange="heightChanged"/>
       <field id="itemContent" type="node" onChange="itemContentChanged"/>
    </interface>

    <children>
      <Poster 
          id="gridPoster" 
          renderPass="1" />
      <Rectangle 
          id="priceBox"
          color="0x00000080" 
          renderPass="2" />
      <Label 
          id="priceLabel" 
          renderPass="3" />
      <Poster 
          id="ownedIcon" 
          renderPass="4" />
    </children>
</component>